"Treat","Before","After1","After2"
0,2.833213344,1.609437912,2.48490665
0,1.791759469,2.197224577,2.079441542
0,3.044522438,2.708050201,3.135494216
0,2.772588722,1.791759469,2.197224577
0,1.098612289,1.609437912,2.63905733
1,2.944438979,0.693147181,1.791759469
1,2.564949357,0.693147181,1.791759469
1,2.564949357,1.609437912,1.609437912
1,0.693147181,1.098612289,1.098612289
1,1.609437912,0,1.098612289
